/* Таблица подразделений */
CREATE TABLE user39_DEPT
(
  DEPTNO INT NOT NULL,
  DNAME  VARCHAR(14) NOT NULL,
  LOC    VARCHAR(13)
);


ALTER TABLE user39_DEPT
  ADD CONSTRAINT user39_DEPT_PK PRIMARY KEY (DEPTNO);
ALTER TABLE user39_DEPT
  ADD CONSTRAINT user39_DEPT_UK UNIQUE (DNAME);

/* Таблица сотрудников */
CREATE TABLE user39_EMP
(
  EMPNO    INT NOT NULL,
  ENAME    VARCHAR(10) NOT NULL,
  JOB      VARCHAR(9),
  MGR      INT,
  HIREDATE DATE,
  SAL      INT,
  COMM     INT,
  DEPTNO   INT
);

ALTER TABLE user39_EMP
  ADD CONSTRAINT user39_EMP_PK PRIMARY KEY (EMPNO);
ALTER TABLE user39_EMP
  ADD CONSTRAINT user39_EMP_UK UNIQUE (ENAME);
ALTER TABLE user39_EMP
  ADD CONSTRAINT user39_EMP_DEPT_FK FOREIGN KEY (DEPTNO)
  REFERENCES user39_DEPT (DEPTNO);
ALTER TABLE user39_EMP
  ADD CONSTRAINT user39_EMP_MGR_FK FOREIGN KEY (MGR)
  REFERENCES user39_EMP (EMPNO);

  
/* Таблица вилок зарплат */
CREATE TABLE user39_SALGRADE (
 GRADE               INT NOT NULL,
 LOSAL               INT,
 HISAL               INT);

ALTER TABLE user39_SALGRADE
  ADD CONSTRAINT user39_SALGRADE_PK PRIMARY KEY (GRADE);

/* Данные по подразделениям */
INSERT INTO user39_DEPT VALUES (10,'ACCOUNTING','NEW YORK');
INSERT INTO user39_DEPT VALUES (20,'RESEARCH','DALLAS');
INSERT INTO user39_DEPT VALUES (30,'SALES','CHICAGO');
INSERT INTO user39_DEPT VALUES (40,'OPERATIONS','BOSTON');

/* Данные по сотрудникам */
INSERT INTO user39_EMP VALUES (7839,'KING','PRESIDENT',NULL,'2011-09-11',5000,NULL,10);
INSERT INTO user39_EMP VALUES (7698,'BLAKE','MANAGER',7839,'2014-01-31',2850,NULL,30);
INSERT INTO user39_EMP VALUES (7782,'CLARK','MANAGER',7839,'2013-02-21',2450,NULL,10);
INSERT INTO user39_EMP VALUES (7566,'JONES','MANAGER',7839,'2017-09-19',2975,NULL,20);
INSERT INTO user39_EMP VALUES (7654,'MARTIN','SALESMAN',7698,'2017-09-11',1250,400,30);
INSERT INTO user39_EMP VALUES (7499,'ALLEN','SALESMAN',7698,'2017-09-11',1600,300,30);
INSERT INTO user39_EMP VALUES (7844,'TURNER','SALESMAN',7698,'2017-03-22',1500,0,30);
INSERT INTO user39_EMP VALUES (7900,'JAMES','CLERK',7698,'2016-11-11',950,NULL,30);
INSERT INTO user39_EMP VALUES (7521,'WARD','SALESMAN',7698,'2015-07-17',1250,500,30);
INSERT INTO user39_EMP VALUES (7902,'FORD','ANALYST',7566,'2017-03-11',3000,NULL,20);
INSERT INTO user39_EMP VALUES (7369,'SMITH','CLERK',7902,'2012-09-17',800,NULL,20);
INSERT INTO user39_EMP VALUES (7788,'SCOTT','ANALYST',7566,'2017-01-11',3000,NULL,20);
INSERT INTO user39_EMP VALUES (7876,'ADAMS','CLERK',7788,'2018-07-13',1100,NULL,20);
INSERT INTO user39_EMP VALUES (7934,'MILLER','CLERK',7782,'2018-03-12',1300,NULL,10);

/* Данные по уровням зарплат */
INSERT INTO user39_SALGRADE VALUES (1,700,1200);
INSERT INTO user39_SALGRADE VALUES (2,1201,1400);
INSERT INTO user39_SALGRADE VALUES (3,1401,2000);
INSERT INTO user39_SALGRADE VALUES (4,2001,3000);
INSERT INTO user39_SALGRADE VALUES (5,3001,9999);

select * from user39_DEPT;
select * from user39_SALGRADE;
select * from user39_EMP;

-- определить фамилии сотрудников, зарплаты которых ниже 5000;
select ENAME, SAL from user39_EMP where SAL < 5000;
select ENAME from user39_EMP where COMM > 300;

-- найти отделы, которые находятся не в Далласе;
select DNAME from user39_DEPT where LOC != 'DALLAS';

-- определить фамилии сотрудников из отдела 30;
select ENAME from user39_EMP where DEPTNO = 30;
select ENAME, SAL+COMM from user39_EMP where DEPTNO = 30;

-- найти сотрудников, чьим начальником является сотрудник 7654;
select ENAME from user39_EMP where MGR = 7654;
select ENAME from user39_EMP where EMPNO = 7654;

-- отсортировать сотрудников их дате найма;
select * from user39_EMP order by HIREDATE desc, JOB;

-- обновить фамилию сотрудник #7844;
update user39_EMP set ENAME = 'DOE' where EMPNO = 7844;

-- удалить данные о сотруднике #7876;
delete from user39_EMP where EMPNO = 7876;

-- добавить данные обратно;
INSERT INTO user39_EMP VALUES (7876,'ADAMS','CLERK',7788,'2018-07-13',1100,NULL,20);